name,district,region,description,latitude,longitude,google_maps_name,categories,is_offbeat,is_unesco,is_hidden_gem,best_month_1,best_month_2,peak_season,off_season,monsoon_suitable,ideal_duration_hours,best_time_of_day,avg_crowd_level,weekend_crowd_level,photography_rating,nature_rating,adventure_rating,family_rating,couple_rating,luxury_rating,budget_rating,nearest_airport,airport_distance_km,nearest_railway,railway_distance_km,road_quality,entry_fee_inr,backpacker_daily_budget_inr,midrange_daily_budget_inr,luxury_daily_budget_inr,activities,ideal_for,accommodation_types,itinerary_tags,keywords,source_notes
Fort Kochi,Ernakulam,Central Kerala,"Colonial-era waterfront quarter with Chinese fishing nets, Dutch/Portuguese architecture, and St. Francis Church.",9.9658,76.2422,"Fort Kochi, Kochi, Kerala",Heritage Site;Photography Spot;Weekend Destination;Cultural Attraction,False,False,False,November,February,December-February,April-May,False,4,Evening,High,Very High,5,3,2,4,5,3,4,Cochin International Airport (COK),35,Ernakulam Junction,12,Excellent,0,800,2500,8000,Heritage Walk;Photography;Street Food;Cafe Hopping,Couple;Family;Solo,Homestay;Resort;Hostel,Weekend;Photography;Culture;Heritage,fort kochi;chinese fishing nets;st francis church,"Kerala Tourism, Wanderlog, Holidify"
Cherai Beach,Ernakulam,Central Kerala,"Golden-sand beach on Vypeen Island with 15km coastline, coconut groves, paddy fields; occasional dolphin sightings.",10.1382,76.1808,"Cherai Beach, Vypin, Kerala",Beach;Family Destination;Honeymoon Destination;Photography Spot,False,False,False,November,February,December-March,June-September,False,3,Sunset,Moderate,High,5,4,2,5,5,3,4,Cochin International Airport (COK),45,Ernakulam Junction,25,Good,0,700,2200,7000,Photography;Village Experience,Family;Couple;Kids,Homestay;Resort,Weekend;Romantic;Nature,cherai beach;vypeen island;kochi beach,Kerala Tourism
Mattancherry Palace (Dutch Palace),Ernakulam,Central Kerala,"Portuguese-built palace, later renovated by the Dutch, with murals depicting the Ramayana and Mahabharata.",9.9581,76.2593,"Mattancherry Palace, Kochi, Kerala",Palace;Heritage Site;Museum;Cultural Attraction,False,False,False,November,February,December-February,April-May,False,1.5,Morning,Moderate,High,4,2,1,3,3,3,5,Cochin International Airport (COK),35,Ernakulam Junction,12,Good,25,500,1800,6000,Heritage Walk;Museum Visit;Photography,History Lovers;Couple,,Half Day;Culture;Heritage,dutch palace kochi;mattancherry palace,"Kerala Tourism, Holidify"
Jew Town & Paradesi Synagogue,Ernakulam,Central Kerala,"Antique-shop-lined street in Mattancherry, home to the Paradesi Synagogue (built 1567), among the oldest in the Commonwealth.",9.958,76.2595,"Jew Town, Mattancherry, Kochi",Heritage Site;Shopping;Cultural Attraction,False,False,False,November,February,December-February,April-May,False,1.5,Morning,Moderate,High,4,1,1,3,4,4,3,Cochin International Airport (COK),35,Ernakulam Junction,12,Good,10,600,2000,6500,Shopping;Heritage Walk;Photography,History Lovers;Shoppers,,Half Day;Culture;Heritage,jew town kochi;paradesi synagogue,Ernakulam district site
Marine Drive,Ernakulam,Central Kerala,"Waterfront promenade along the backwaters in the heart of Kochi city, a popular evening hangout.",9.9764,76.2802,"Marine Drive, Ernakulam, Kochi",Photography Spot;Weekend Destination;Family Destination,False,False,False,November,February,Year-round,June-August,True,1.5,Evening,Very High,Very High,4,2,1,5,5,3,5,Cochin International Airport (COK),32,Ernakulam Junction,3,Excellent,0,400,1500,5000,Photography;Street Food;Boat Ride,Family;Couple,,Half Day;Weekend,marine drive kochi;kochi promenade,Holidify
Bolgatty Palace,Ernakulam,Central Kerala,"Dutch-built palace (1744) on Bolgatty Island, one of the oldest Dutch palaces outside the Netherlands, now a heritage hotel.",9.9986,76.2733,"Bolgatty Palace, Kochi, Kerala",Palace;Heritage Site;Honeymoon Destination,False,False,False,November,February,December-February,April-May,False,2,Evening,Low,Moderate,4,3,1,3,5,5,2,Cochin International Airport (COK),33,Ernakulam Junction,5,Good,20,,,12000,Heritage Walk;Photography;Boat Ride,Couple;Luxury Travelers,Luxury Resort,Romantic;Luxury;Heritage,bolgatty palace;dutch heritage hotel kochi,Kerala Tourism
Chottanikkara Bhagavathy Temple,Ernakulam,Central Kerala,"Revered Devi temple where the goddess is worshipped as Saraswati (morning), Lakshmi (noon), Durga (evening); known for healing traditions.",9.9333,76.3667,"Chottanikkara Devi Temple, Kerala",Temple;Pilgrimage;Cultural Attraction,False,False,False,November,March,December-February,June-August,False,1.5,Morning,High,Very High,2,1,1,3,2,1,4,Cochin International Airport (COK),40,Tripunithura,10,Good,0,300,1000,4000,Temple Visit,Pilgrimage;Family,,Half Day;Spiritual,chottanikkara temple;devi temple kerala,"Kerala Tourism, Google reviews"
Hill Palace Museum,Ernakulam,Central Kerala,"Kerala's largest archaeological museum, former residence of the Kochi royal family, on sprawling palace grounds in Tripunithura.",9.9481,76.3467,"Hill Palace Museum, Thrippunithura, Kerala",Museum;Heritage Site;Palace;Family Destination,False,False,False,November,February,December-February,April-May,False,2.5,Morning,Low,Moderate,4,3,1,4,3,2,4,Cochin International Airport (COK),38,Tripunithura,6,Good,20,400,1200,4500,Museum Visit;Heritage Walk;Photography,Family;History Lovers,,Half Day;Culture,hill palace museum;tripunithura palace,"Google reviews, Kerala Tourism"
Wonderla Kochi,Ernakulam,Central Kerala,"Large amusement and water park with thrill rides, ISO 14001 certified, one of the biggest entertainment parks in South India.",10.025,76.3922,"Wonderla Kochi, Kerala",Amusement Park;Family Destination;Adventure,False,False,False,November,February,December-May,June-August,False,6,Morning,Very High,Very High,2,1,4,5,4,2,2,Cochin International Airport (COK),25,Ernakulam Junction,22,Good,1200,1500,3000,6000,Amusement Rides,Family;Kids;Adventure Lovers,,1 Day;Adventure,wonderla kochi;amusement park kerala,Kerala Tourism
Thattekkad Bird Sanctuary,Ernakulam,Central Kerala,"First bird sanctuary in Kerala, on the banks of the Periyar River; renowned birding site with 250+ recorded species.",10.1258,76.6081,"Salim Ali Bird Sanctuary, Thattekkad, Kerala",Bird Sanctuary;Wildlife Sanctuary;Eco Tourism;Forest,True,False,False,November,March,December-February,June-September,False,4,Morning,Low,Moderate,5,5,3,2,3,1,4,Cochin International Airport (COK),55,Ernakulam Junction,48,Average,50,600,1800,5000,Bird Watching;Trekking;Photography,Birders;Solo;Nature Lovers,Eco Lodge;Homestay,Wildlife;Nature,thattekkad bird sanctuary;salim ali sanctuary,Kerala Tourism
Bhoothathankettu Dam,Ernakulam,Central Kerala,"Dam site with boating facilities in dense forest near Kothamangalam, popular picnic spot near Thattekkad sanctuary.",10.1783,76.6294,"Bhoothathankettu Dam, Kerala",Dam;Camping;Eco Tourism;Hidden Gem,True,False,True,October,February,November-February,June-September,False,3,Morning,Low,Moderate,4,4,2,3,3,1,4,Cochin International Airport (COK),60,Ernakulam Junction,50,Average,30,500,1500,4500,Boat Ride;Camping;Photography,Nature Lovers;Campers,Camping,Nature;Offbeat,bhoothathankettu dam;kothamangalam picnic spot,"Ernakulam district site, Tripadvisor"
Kalady,Ernakulam,Central Kerala,"Birthplace of philosopher Adi Shankaracharya (8th century), with shrines on the Periyar riverbank.",10.1667,76.4333,"Kalady, Kerala",Pilgrimage;Heritage Site;Temple,False,False,False,November,February,December-February,June-August,False,2,Morning,Moderate,High,3,2,1,3,2,1,4,Cochin International Airport (COK),20,Aluva,12,Good,0,400,1200,4000,Temple Visit;Heritage Walk,Pilgrimage,,Half Day;Spiritual,kalady;adi shankaracharya birthplace,Ernakulam district site
Munambam Beach,Ernakulam,Central Kerala,"Quieter fishing-harbour beach ideal for kite flying and sunset views, less crowded than Cherai.",10.1926,76.1783,"Munambam Beach, Kerala",Beach;Hidden Gem;Photography Spot,True,False,True,November,February,December-February,June-August,False,2,Sunset,Low,Moderate,4,3,1,4,4,2,5,Cochin International Airport (COK),50,Ernakulam Junction,35,Average,0,400,1200,4000,Photography;Fishing,Solo;Couple,,Offbeat;Photography,munambam beach;kochi hidden beach,Kerala Tourism
Paniyeli Poru,Ernakulam,Central Kerala,"Rocky riverside picnic spot on the Periyar where a natural bottleneck creates rapids, on the edge of Thattekkad forest.",10.1333,76.5833,"Paniyeli Poru, Kerala",River;Hidden Gem;Eco Tourism,True,False,True,October,February,November-February,June-September,False,2,Morning,Low,Moderate,4,4,2,3,3,1,4,Cochin International Airport (COK),55,Ernakulam Junction,48,Average,20,400,1200,4000,Photography;Village Experience,Nature Lovers;Offbeat Travelers,,Offbeat;Nature,paniyeli poru;periyar river picnic spot,Holidify
Mangalavanam Bird Sanctuary,Ernakulam,Central Kerala,"Rare mangrove ecosystem and bird sanctuary in the heart of Kochi city, near Ernakulam Junction.",9.9833,76.2833,"Mangalavanam Bird Sanctuary, Kochi",Bird Sanctuary;Eco Tourism;Hidden Gem,True,False,True,November,February,December-February,June-August,False,1,Morning,Low,Low,3,4,1,2,2,1,5,Cochin International Airport (COK),30,Ernakulam Junction,1,Excellent,20,200,800,3000,Bird Watching;Photography,Birders;Solo,,Half Day;Nature,mangalavanam bird sanctuary;kochi mangrove forest,Kerala Tourism
Kumbalangi Village,Ernakulam,Central Kerala,"India's first model fishing/tourism village — Chinese-net fishing demos, clam collection, coir-making, backwater canoe rides.",9.8964,76.3378,"Kumbalangi, Kerala",Village;Eco Tourism;Backwaters;Cultural Attraction,False,False,False,November,February,December-February,June-August,True,3,Morning,Low,Moderate,4,4,2,4,4,3,4,Cochin International Airport (COK),42,Ernakulam Junction,15,Average,0,700,2200,6000,Village Experience;Boat Ride;Fishing,Family;Culture Seekers,Homestay,Culture;Nature,kumbalangi village;model fishing village kerala,Kerala Tourism
Pallipuram Fort,Ernakulam,Central Kerala,"Oldest surviving European fort in India, built by the Portuguese in 1503 on Vypeen Island; hexagonal laterite structure.",10.1633,76.1833,"Pallipuram Fort, Vypin, Kerala",Fort;Heritage Site;Hidden Gem,True,False,True,November,February,December-February,April-May,False,1,Morning,Low,Low,4,2,1,2,3,1,5,Cochin International Airport (COK),48,Ernakulam Junction,30,Average,10,300,1000,3500,Fort Visit;Photography,History Lovers;Offbeat Travelers,,Offbeat;Heritage,pallipuram fort;oldest european fort india,Kerala Tourism
"St. George Orthodox Church, Kadamattom",Ernakulam,Central Kerala,"Ancient Indian Orthodox church near Kolenchery, linked to Bishop Mar Sabor and Saint Thomas Christian heritage.",9.9686,76.4931,"Kadamattom Church, Kerala",Church;Heritage Site;Pilgrimage,True,False,False,November,February,December-February,June-August,True,1,Morning,Low,Moderate,3,1,1,2,2,1,5,Cochin International Airport (COK),40,Ernakulam Junction,28,Average,0,300,1000,3500,Temple Visit;Heritage Walk,Pilgrimage,,Half Day;Spiritual,kadamattom church;st george orthodox church kerala,Holidify
Kumarakom,Kottayam,Central Kerala,"Cluster of islands on Vembanad Lake with houseboats, paddy fields, and backwater cruising — Kottayam's flagship destination.",9.6177,76.43,"Kumarakom, Kottayam, Kerala",Backwaters;Lake;Houseboat;Honeymoon Destination;Family Destination,False,False,False,November,February,November-February,June-August,False,24,Morning,High,Very High,5,5,2,5,5,4,3,Cochin International Airport (COK),75,Kottayam,16,Good,0,1500,4000,15000,Houseboat;Boat Ride;Bird Watching;Fishing,Couple;Family;Luxury Travelers,Houseboat;Luxury Resort;Homestay,2 Days;Romantic;Nature,kumarakom;vembanad lake;kottayam backwaters,"Kerala Tourism, keralatourism.travel"
Kumarakom Bird Sanctuary,Kottayam,Central Kerala,"14-hectare sanctuary on Vembanad Lake, a major stop for migratory birds from the Himalayas to Siberia.",9.6167,76.4306,"Kumarakom Bird Sanctuary, Kerala",Bird Sanctuary;Eco Tourism;Lake,False,False,False,November,February,November-February,June-August,False,2,Morning,Moderate,High,4,5,1,3,3,2,4,Cochin International Airport (COK),75,Kottayam,16,Good,30,600,1800,5000,Bird Watching;Boat Ride;Photography,Birders;Nature Lovers,,Wildlife;Nature,kumarakom bird sanctuary;vembanad bird sanctuary,"Holidify, Kerala Tourism"
Ilaveezhapoonchira,Kottayam,Central Kerala,"Hill station near Melukavu, ringed by three hillocks, known for sunrise/sunset views and a monsoon-formed seasonal lake.",9.68,76.79,"Ilaveezhapoonchira, Kottayam, Kerala",Hill Station;Trekking;Sunrise Point;Sunset Point;Hidden Gem,True,False,True,October,February,October-February,June-September,False,4,Sunrise,Low,Moderate,5,5,4,2,4,1,4,Cochin International Airport (COK),95,Kottayam,60,Poor,20,500,1500,4500,Trekking;Camping;Photography,Adventure Lovers;Solo;Trekkers,Homestay;Camping,Weekend;Adventure;Nature,ilaveezhapoonchira;kottayam hill station,"Kerala Tourism, Kerala Travels"
Vagamon,Kottayam,Central Kerala,"Hill station at 1100m with grass-covered hills, tea plantations, meadows, and Thangal/Murugan/Kurisumala hills.",9.6892,76.8862,"Vagamon, Kerala",Hill Station;Tea Plantation;Trekking;Camping;Adventure,False,False,False,September,March,October-February,June-August,False,24,Morning,Moderate,High,5,5,4,4,4,3,3,Cochin International Airport (COK),100,Kottayam,65,Good,0,1000,2500,7000,Trekking;Camping;Paragliding;Photography,Adventure Lovers;Couple;Family,Homestay;Resort;Camping,Weekend;Adventure;Nature,vagamon;kottayam hill station kerala,"Kerala Travels, Kerala Tourism"
Poonjar Palace,Kottayam,Central Kerala,Palace on the Pala-Erattupetta route reflecting the regal architecture of the erstwhile Poonjar principality.,9.7028,76.7717,"Poonjar Palace, Kottayam, Kerala",Palace;Heritage Site,True,False,False,November,February,December-February,April-May,False,1.5,Morning,Low,Moderate,4,2,1,3,3,2,4,Cochin International Airport (COK),90,Kottayam,55,Average,20,400,1200,4000,Heritage Walk;Photography,History Lovers,,Half Day;Heritage,poonjar palace;kottayam palace,Kerala Tourism
Thazhathangadi Juma Masjid,Kottayam,Central Kerala,"One of the oldest mosques in India (~1,000 years old), an important heritage landmark in Kottayam town.",9.5916,76.5222,"Thazhathangadi Juma Masjid, Kottayam",Mosque;Heritage Site,False,False,False,November,February,December-February,April-May,False,1,Morning,Low,Moderate,3,1,1,2,2,1,5,Cochin International Airport (COK),70,Kottayam,4,Good,0,300,1000,3500,Heritage Walk,History Lovers;Pilgrimage,,Half Day;Heritage,thazhathangadi mosque;kottayam mosque,Kottayam district site
Vennimala,Kottayam,Central Kerala,"Hill in Puthuppally village linked to Ramayana legend, formerly dense forest, now a serene picnic and viewpoint spot.",9.57,76.62,"Vennimala, Kottayam, Kerala",Hill Station;View Point;Hidden Gem,True,False,True,November,February,December-February,June-August,False,2,Sunset,Low,Low,4,4,2,3,3,1,5,Cochin International Airport (COK),78,Kottayam,10,Average,0,300,1000,3500,Trekking;Photography,Solo;Nature Lovers,,Offbeat;Nature,vennimala;kottayam hill viewpoint,Kerala Tourism
Erumeli,Kottayam,Central Kerala,Gateway town to Sabarimala; known for the Vavar Mosque and its unique Hindu-Muslim shared pilgrimage tradition.,9.3833,76.9333,"Erumeli, Kottayam, Kerala",Pilgrimage;Temple;Mosque,False,False,False,November,January,November-January,June-August,False,2,Morning,High,Very High,2,2,1,2,1,1,4,Cochin International Airport (COK),120,Kottayam,75,Average,0,400,1200,4000,Temple Visit,Pilgrimage,,Spiritual,erumeli;sabarimala gateway;vavar mosque,Kerala Travels
Kurisumala,Kottayam,Central Kerala,"Renowned Christian pilgrim centre 3km from Vagamon, set on a scenic hillock with a monastery.",9.695,76.87,"Kurisumala, Vagamon, Kerala",Pilgrimage;Hill Station,False,False,False,November,February,December-February,June-August,True,1.5,Morning,Low,Moderate,4,3,1,2,2,1,4,Cochin International Airport (COK),98,Kottayam,63,Average,0,,,,Temple Visit;Trekking,Pilgrimage;Solo,,Spiritual;Nature,kurisumala;vagamon pilgrim centre,Kerala Tourism
Aruvikuzhi Waterfalls,Kottayam,Central Kerala,"Five-step waterfall near Erattupetta, a popular picnic spot and film shooting location.",9.66,76.75,"Aruvikuzhi Waterfalls, Kottayam, Kerala",Waterfall;Hidden Gem,True,False,True,July,November,June-November,January-April,True,2,Morning,Low,Moderate,4,4,2,3,3,1,4,Cochin International Airport (COK),92,Kottayam,58,Average,20,300,1000,3500,Photography;Trekking,Nature Lovers;Family,,Monsoon Special;Nature,aruvikuzhi waterfalls;kottayam waterfall,Kerala Tourism
Bay Island Driftwood Museum,Kottayam,Central Kerala,Museum in Kumarakom displaying sculptures crafted from driftwood collected along the backwaters.,9.6167,76.4278,"Bay Island Driftwood Museum, Kumarakom",Museum;Cultural Attraction,True,False,False,November,February,November-February,June-August,False,1,Morning,Low,Moderate,4,2,1,4,3,2,4,Cochin International Airport (COK),75,Kottayam,16,Good,50,,,,Museum Visit;Photography,Family;Art Lovers,,Half Day;Culture,driftwood museum kumarakom,Kerala Tourism
Vaikom Mahadeva Temple,Kottayam,Central Kerala,"Ancient Shiva temple, one of Kerala's most important; site of the historic 1924-25 Vaikom Satyagraha.",9.75,76.3944,"Vaikom Temple, Kottayam, Kerala",Temple;Pilgrimage;Heritage Site,False,False,False,November,February,November-February (Vaikom Ashtami),June-August,False,1.5,Morning,Moderate,High,3,1,1,3,2,1,4,Cochin International Airport (COK),55,Vaikom Road,10,Good,0,400,1200,4000,Temple Visit,Pilgrimage;Family,,Spiritual;Heritage,vaikom temple;vaikom satyagraha,"Holidify, Incredible India"
Pathiramanal Island,Kottayam,Central Kerala,"Small island in the middle of Vembanad Lake, accessible only by boat, home to rare migratory birds.",9.605,76.395,"Pathiramanal Island, Kerala",Island;Bird Sanctuary;Eco Tourism;Hidden Gem,True,False,True,November,February,November-February,June-August,False,3,Morning,Low,Moderate,5,5,2,3,4,2,3,Cochin International Airport (COK),80,Kottayam,25,N/A - boat only,0,800,2000,6000,Boat Ride;Bird Watching;Photography,Birders;Couple;Nature Lovers,,Offbeat;Nature,pathiramanal island;vembanad lake island,Kerala Tourism
Illikkal Kallu,Kottayam,Central Kerala,Monolith rock formation on Illikkal Mala reached via a scenic hairpin drive and hike; misty viewpoint.,9.66,76.96,"Illikkal Kallu, Kottayam, Kerala",View Point;Trekking;Hidden Gem,True,False,True,October,February,October-February,June-September,False,3,Morning,Low,Moderate,5,4,4,2,3,1,5,Cochin International Airport (COK),105,Kottayam,70,Poor,0,400,1200,4000,Trekking;Photography,Adventure Lovers;Solo,,Offbeat;Adventure,illikkal kallu;kottayam trekking,Kerala Tourism Place
Munnar,Idukki,Central Kerala,"Iconic hill station at 1600m at the confluence of three mountain streams, famed for tea plantations and colonial-era charm.",10.0889,77.0595,"Munnar, Kerala",Hill Station;Tea Plantation;Honeymoon Destination;Photography Spot,False,False,False,September,May,September-May,June-August,False,48,Morning,Very High,Very High,5,5,4,4,5,4,3,Cochin International Airport (COK),110,Aluva,100,Good,0,1200,3000,10000,Trekking;Photography;Tea Factory Visit;Camping,Couple;Family;Honeymooners,Homestay;Resort;Luxury Resort,2 Days;Romantic;Nature,munnar;tea plantations kerala;munnar hill station,"Kerala Tourism, keralatourism.travel"
Eravikulam National Park,Idukki,Central Kerala,"Home to the endangered Nilgiri Tahr and, once every 12 years, the blue Neelakurinji bloom; rolling shola grasslands.",10.1972,77.05,"Eravikulam National Park, Munnar, Kerala",National Park;Wildlife Sanctuary;Trekking,False,False,False,September,March,September-March,June-August,False,3,Morning,High,Very High,5,5,3,3,3,1,3,Cochin International Airport (COK),120,Aluva,108,Good,50,700,1800,5000,Trekking;Bird Watching;Photography,Nature Lovers;Family,,Wildlife;Nature,eravikulam national park;nilgiri tahr;neelakurinji,Kerala Tourism
Mattupetty Dam,Idukki,Central Kerala,Scenic dam near Munnar with boating on the reservoir and a nearby Indo-Swiss dairy/livestock farm.,10.1,77.1333,"Mattupetty Dam, Munnar, Kerala",Dam;Lake;Family Destination,False,False,False,September,May,September-May,June-August,False,2,Morning,High,Very High,5,4,2,4,4,2,4,Cochin International Airport (COK),125,Aluva,115,Good,25,600,1500,4500,Boat Ride;Photography,Family;Couple,,Nature;Half Day,mattupetty dam;munnar boating,Kerala Tourism
Top Station,Idukki,Central Kerala,Highest point on the Munnar-Kodaikanal road (1700m) with panoramic Western Ghats and Tamil Nadu valley views.,10.1167,77.2167,"Top Station, Munnar, Kerala",View Point;Sunrise Point;Hill Station,False,False,False,September,March,September-March,June-August,False,2,Sunrise,Moderate,High,5,5,2,2,3,1,4,Cochin International Airport (COK),140,Aluva,130,Average,0,600,1500,4500,Photography;Trekking,Solo;Couple;Photography Lovers,,Nature;Photography,top station munnar;munnar viewpoint,Kerala Tourism
Periyar Wildlife Sanctuary (Thekkady),Idukki,Central Kerala,"925 sq km tiger reserve around Periyar Lake — elephants, boat safaris, and forest treks; one of Kerala's premier wildlife destinations.",9.5833,77.15,"Periyar Tiger Reserve, Thekkady, Kerala",Wildlife Sanctuary;National Park;Forest;Lake,False,False,False,September,March,October-March,June-August,False,6,Morning,High,Very High,5,5,4,4,3,2,3,Cochin International Airport (COK),150,Kottayam,114,Good,50,1000,2500,8000,Bird Watching;Trekking;Boat Ride;Camping,Family;Adventure Lovers;Wildlife Enthusiasts,Homestay;Resort;Eco Lodge,Wildlife;2 Days;Adventure,periyar wildlife sanctuary;thekkady;periyar tiger reserve,Kerala Tourism
Idukki Arch Dam,Idukki,Central Kerala,"554-ft arch dam across the Kuravan and Kurathi hills on the Periyar River — Asia's first, world's second of its kind.",9.85,76.9667,"Idukki Dam, Kerala",Dam;Engineering Landmark;View Point,False,False,False,November,February,November-February,June-September,False,2,Morning,Moderate,High,4,3,1,3,3,1,4,Cochin International Airport (COK),115,Kottayam,95,Average,30,600,1500,4500,Photography,Family;Engineering Enthusiasts,,Half Day;Nature,idukki arch dam;idukki dam,"Kerala.com, Onmanorama"
Devikulam,Idukki,Central Kerala,"Hill town near Munnar with the Sita Devi Lake and cool climate, part of the old British-era tea belt.",10.0667,77.0833,"Devikulam, Munnar, Kerala",Hill Station;Lake,False,False,False,September,May,September-May,June-August,False,2,Morning,Low,Moderate,4,4,1,3,3,2,4,Cochin International Airport (COK),115,Aluva,105,Good,0,600,1500,4500,Photography;Boat Ride,Family;Couple,,Nature;Half Day,devikulam;sita devi lake,Kerala Tourism
Marayoor,Idukki,Central Kerala,Sandalwood forests and rare Neolithic dolmens (muniyaras) in Kerala's only naturally growing sandalwood belt; also known for jaggery.,10.2833,77.1333,"Marayoor, Idukki, Kerala",Forest;Heritage Site;Hidden Gem,True,False,True,September,March,September-March,June-August,False,4,Morning,Low,Moderate,5,5,2,3,3,1,4,Cochin International Airport (COK),150,Aluva,140,Average,20,700,1800,5000,Trekking;Photography;Village Experience,Nature Lovers;History Buffs,Homestay,Offbeat;Nature;Heritage,marayoor sandalwood forest;muniyara dolmens,Kerala Tourism
Anamudi Peak,Idukki,Central Kerala,"Highest peak in South India (2,695m), inside Eravikulam National Park; permit-based trekking.",10.1667,77.0667,"Anamudi Peak, Munnar, Kerala",Trekking;National Park;Adventure,True,False,False,September,March,September-March,June-August,False,6,Morning,Low,Moderate,5,5,5,1,2,1,3,Cochin International Airport (COK),118,Aluva,106,Average,100,800,2000,5500,Trekking,Adventure Lovers;Trekkers,,Adventure;Nature,anamudi peak;highest peak south india,Kerala.com
Chinnar Wildlife Sanctuary,Idukki,Central Kerala,"Rain-shadow thorny scrub forest sanctuary — distinct from Kerala's typical wet forests, home to the endangered Giant Grizzled Squirrel.",10.3,77.1167,"Chinnar Wildlife Sanctuary, Idukki, Kerala",Wildlife Sanctuary;Forest;Eco Tourism,True,False,False,September,March,September-March,June-August,False,4,Morning,Low,Moderate,4,5,3,2,2,1,4,Cochin International Airport (COK),155,Aluva,145,Average,50,700,1800,5000,Trekking;Bird Watching;Camping,Nature Lovers;Wildlife Enthusiasts,Eco Lodge,Wildlife;Offbeat,chinnar wildlife sanctuary;giant grizzled squirrel,Kerala Tourism
Ramakkalmedu,Idukki,Central Kerala,Windmill-topped hill station on the Kerala-Tamil Nadu border with strong year-round winds and panoramic views.,9.7167,76.9833,"Ramakkalmedu, Idukki, Kerala",Hill Station;View Point;Adventure,True,False,True,November,February,November-February,June-August,False,2,Evening,Low,Moderate,5,4,3,3,4,1,5,Cochin International Airport (COK),130,Kottayam,90,Average,0,500,1400,4000,Photography;Trekking,Couple;Solo;Adventure Lovers,,Offbeat;Nature,ramakkalmedu;windmill hill kerala,Holidify
Vandanmedu,Idukki,Central Kerala,"Kerala's biggest cardamom auction centre near Kumily, with plantation walks and colonial-era buildings.",9.6167,77.05,"Vandanmedu, Idukki, Kerala",Farm Tourism;Village;Hidden Gem,True,False,True,November,February,November-February,June-August,False,2,Morning,Low,Low,3,4,1,2,2,1,4,Cochin International Airport (COK),148,Kottayam,110,Average,0,500,1400,4000,Village Experience;Photography,Nature Lovers,,Offbeat;Nature,vandanmedu cardamom auction,Onmanorama
Thommankuthu Waterfalls,Idukki,Central Kerala,"Seven-step cascading waterfall dropping over 300ft, popular for trekking between the tiers.",9.85,76.7833,"Thommankuthu Waterfalls, Idukki, Kerala",Waterfall;Trekking;Hidden Gem,True,False,True,July,November,June-November,January-April,True,3,Morning,Low,Moderate,5,5,4,2,3,1,4,Cochin International Airport (COK),90,Kottayam,60,Poor,30,500,1400,4000,Trekking;Photography,Adventure Lovers;Nature Lovers,,Monsoon Special;Adventure,thommankuthu waterfalls,Onmanorama
Peermedu (Peerumedu),Idukki,Central Kerala,"Plantation hill town at 914m rich in coffee, tea, pepper, cardamom, and rubber, en route to Thekkady.",9.5667,76.9667,"Peermedu, Idukki, Kerala",Hill Station;Tea Plantation;Coffee Plantation,False,False,False,September,May,September-May,June-August,False,3,Morning,Low,Moderate,4,4,2,3,3,2,4,Cochin International Airport (COK),125,Kottayam,90,Good,0,600,1500,4500,Trekking;Photography;Village Experience,Nature Lovers;Family,Homestay;Resort,Nature;Half Day,peermedu;peerumedu plantations,Kerala Tourism
Gavi,Idukki,Central Kerala,"Eco-tourism forest destination encircled by tea estates, promoted via Kerala Forest Development Corporation permits.",9.45,77.15,"Gavi, Idukki, Kerala",Eco Tourism;Forest;Camping;Hidden Gem,True,False,True,September,March,September-March,June-August,False,6,Morning,Low,Low,5,5,3,2,3,1,3,Cochin International Airport (COK),165,Kottayam,125,Poor,300,1000,2500,6000,Trekking;Bird Watching;Camping;Boat Ride,Nature Lovers;Offbeat Travelers,Eco Lodge;Camping,Offbeat;Wildlife;Nature,gavi eco tourism;gavi idukki,Onmanorama
Athirappilly Falls,Thrissur,Central Kerala,"Kerala's largest waterfall (80ft tall, 330ft wide) on the Chalakudy River, dubbed the 'Niagara of India'.",10.2851,76.5695,"Athirappilly Falls, Thrissur, Kerala",Waterfall;Photography Spot;Adventure,False,False,False,July,January,June-January,February-May,True,3,Morning,Very High,Very High,5,5,3,4,4,2,4,Cochin International Airport (COK),55,Chalakudy,32,Good,40,600,1800,5500,Trekking;Photography,Family;Couple;Photography Lovers,Resort;Homestay,Monsoon Special;Nature;Photography,athirappilly falls;niagara of india;chalakudy river,"Thrissur district site, Thrillophilia"
Vazhachal Falls,Thrissur,Central Kerala,"Milky-textured falls on the Chalakudy River, 5km from Athirappilly, set within dense evergreen forest.",10.3167,76.5833,"Vazhachal Falls, Thrissur, Kerala",Waterfall;Forest;Photography Spot,False,False,False,July,January,June-January,February-May,True,2,Morning,High,Very High,5,5,3,3,3,1,4,Cochin International Airport (COK),60,Chalakudy,37,Good,30,500,1500,4500,Trekking;Photography,Family;Nature Lovers,,Monsoon Special;Nature,vazhachal falls;chalakudy waterfalls,Tripcrafters
Vadakkunnathan Temple,Thrissur,Central Kerala,"Ancient Shiva temple on a hillock in the heart of Thrissur city, epicentre of the Thrissur Pooram festival; a UNESCO tentative site.",10.5276,76.2144,"Vadakkumnathan Temple, Thrissur",Temple;Heritage Site;Pilgrimage;UNESCO Site,False,True,False,November,February,December-February (incl. Thrissur Pooram Apr-May),June-August,False,1.5,Morning,High,Very High,4,1,1,3,2,1,4,Cochin International Airport (COK),55,Thrissur Junction,2,Excellent,0,300,1000,3500,Temple Visit;Heritage Walk,Pilgrimage;Family,,Spiritual;Heritage;Culture,vadakkunnathan temple;thrissur pooram,"Kerala Tourism, Thrillophilia"
Guruvayur Sree Krishna Temple,Thrissur,Central Kerala,"One of Kerala's most important Krishna temples, drawing pilgrims nationwide; known for elephant processions and daily rituals.",10.5941,76.0396,"Guruvayur Temple, Thrissur, Kerala",Temple;Pilgrimage;Cultural Attraction,False,False,False,November,February,December-February,June-August,False,2,Morning,Very High,Very High,3,1,1,3,2,1,4,Calicut International Airport (CCJ),80,Guruvayur,1,Good,0,400,1200,4000,Temple Visit,Pilgrimage;Family,Homestay,Spiritual,guruvayur temple;guruvayur sree krishna temple,Kerala Tourism
Shakthan Thampuran Palace,Thrissur,Central Kerala,Heritage palace-museum in Thrissur city showcasing the royal history of the Kochi kingdom's ruler Shakthan Thampuran.,10.5225,76.2144,"Shakthan Thampuran Palace, Thrissur",Palace;Museum;Heritage Site,False,False,False,November,February,December-February,April-May,False,1.5,Morning,Low,Moderate,4,2,1,3,3,2,4,Cochin International Airport (COK),55,Thrissur Junction,2,Good,20,300,1000,3500,Museum Visit;Heritage Walk,Family;History Lovers,,Half Day;Heritage,shakthan thampuran palace;thrissur palace museum,Thrissur district site
Kerala Kalamandalam,Thrissur,Central Kerala,"Government-recognized university of performing arts on the banks of the Bharathapuzha River, home to Kathakali, Koodiyattam, Mohiniyattam.",10.6797,76.2547,"Kerala Kalamandalam, Cheruthuruthy, Thrissur",Cultural Attraction;Heritage Site,False,False,False,November,February,December-February,June-August,False,3,Morning,Low,Moderate,4,2,1,3,3,2,4,Cochin International Airport (COK),95,Shoranur Junction,6,Good,100,600,1500,4500,Museum Visit;Heritage Walk,Art Lovers;Culture Seekers,Homestay,Culture;Heritage,kerala kalamandalam;kathakali training centre,Thrillophilia
Peechi Dam & Wildlife Sanctuary,Thrissur,Central Kerala,"Dam commissioned 1959 on the Manali River, focal point of the Peechi-Vazhani Wildlife Sanctuary; boating and picnicking.",10.5333,76.3833,"Peechi Dam, Thrissur, Kerala",Dam;Wildlife Sanctuary;Lake,False,False,False,November,February,November-February,June-August,False,3,Morning,Moderate,High,4,4,2,4,3,1,4,Cochin International Airport (COK),70,Thrissur Junction,22,Good,30,500,1400,4000,Boat Ride;Bird Watching;Photography,Family;Nature Lovers,,Nature;Half Day,peechi dam;peechi vazhani wildlife sanctuary,Wanderon
Chavakkad Beach,Thrissur,Central Kerala,"Hidden-gem coastal town beach near Guruvayur with golden sands, popular for winter sunsets and couples.",10.5833,76.0167,"Chavakkad Beach, Thrissur, Kerala",Beach;Hidden Gem;Honeymoon Destination,True,False,True,November,February,November-February,June-August,False,2,Sunset,Low,Moderate,4,3,1,4,5,2,5,Calicut International Airport (CCJ),75,Guruvayur,8,Good,0,400,1200,4000,Photography;Fishing,Couple;Family,,Romantic;Nature,chavakkad beach;thrissur beach,Wanderon
Snehatheeram Beach,Thrissur,Central Kerala,"'Beach of love' near Guruvayur, featured in the Malayalam classic film Chemmeen; family-friendly with a light park.",10.5667,76.0167,"Snehatheeram Beach, Guruvayur, Thrissur",Beach;Family Destination,False,False,False,November,February,November-February,June-August,False,2,Sunset,Moderate,High,4,3,1,4,4,2,5,Calicut International Airport (CCJ),75,Guruvayur,5,Good,10,400,1200,4000,Photography,Family;Couple,,Nature;Half Day,snehatheeram beach;chemmeen beach guruvayur,"Kerala Tourism, Quora"
Punnathur Kotta (Elephant Sanctuary),Thrissur,Central Kerala,Former palace fort near Guruvayur that now houses the temple's ceremonial elephants; a favourite family stop.,10.59,76.04,"Punnathur Kotta, Guruvayur, Thrissur",Fort;Family Destination;Cultural Attraction,False,False,False,November,February,December-February,April-May,False,1.5,Morning,Moderate,High,4,3,1,5,3,1,4,Calicut International Airport (CCJ),78,Guruvayur,2,Good,20,300,1000,3500,Photography,Family;Kids,,Half Day;Family,punnathur kotta;guruvayur elephant sanctuary,Thrillophilia
Thrissur Zoo & State Museum,Thrissur,Central Kerala,"Combined zoo, archaeological museum, and art museum near Vadakkunnathan Temple; a family-friendly cultural stop.",10.5211,76.216,"Thrissur Zoo and Museum, Thrissur",Museum;Family Destination;Cultural Attraction,False,False,False,November,February,December-February,June-August,False,2.5,Morning,Moderate,High,3,3,1,5,2,1,4,Cochin International Airport (COK),55,Thrissur Junction,2,Good,30,400,1200,4000,Museum Visit,Family;Kids,,Half Day;Family,thrissur zoo;thrissur state museum,"Wanderon, Tripadvisor"
Kole Wetlands,Thrissur,Central Kerala,Below-sea-level wetland ecosystem supplying ~40% of Kerala's rice needs and acting as the region's natural drainage system.,10.5833,76.1833,"Kole Wetlands, Thrissur, Kerala",Eco Tourism;Bird Sanctuary;Backwaters;Hidden Gem,True,False,True,November,February,November-February,June-August,False,3,Morning,Low,Low,5,5,1,2,3,1,5,Cochin International Airport (COK),60,Thrissur Junction,10,Average,0,400,1200,4000,Bird Watching;Boat Ride;Photography,Birders;Nature Lovers,,Offbeat;Wildlife;Nature,kole wetlands thrissur;kerala paddy wetlands,Quora
Silver Storm Amusement Park,Thrissur,Central Kerala,"Amusement and water park at Vettilapara near Athirappilly, popular family day-trip combined with the falls.",10.2833,76.5667,"Silver Storm Amusement Park, Athirappilly, Thrissur",Amusement Park;Family Destination,False,False,False,November,February,December-May,June-August,False,5,Morning,High,Very High,2,1,4,5,3,2,3,Cochin International Airport (COK),50,Chalakudy,28,Good,900,1200,2800,5500,Amusement Rides,Family;Kids,,1 Day;Family,silver storm amusement park;athirappilly water park,Kerala Tourism
Chimmony Wildlife Sanctuary & Dam,Thrissur,Central Kerala,"Dam and sanctuary offering trekking and boating, an ideal picnic spot away from the crowds.",10.45,76.4667,"Chimmony Wildlife Sanctuary, Thrissur",Wildlife Sanctuary;Dam;Eco Tourism;Hidden Gem,True,False,True,November,February,November-February,June-August,False,3,Morning,Low,Low,4,5,3,2,3,1,4,Cochin International Airport (COK),65,Thrissur Junction,35,Poor,30,500,1400,4000,Trekking;Boat Ride;Bird Watching,Nature Lovers;Offbeat Travelers,,Offbeat;Wildlife,chimmony wildlife sanctuary;chimmini dam,Kerala Tourism
Cheraman Juma Masjid,Thrissur,Central Kerala,"Believed to be the first mosque built in India (629 CE), in the historic port town of Kodungallur.",10.2258,76.1953,"Cheraman Juma Masjid, Kodungallur, Thrissur",Mosque;Heritage Site,False,False,False,November,February,December-February,April-May,False,1,Morning,Low,Moderate,3,1,1,2,2,1,5,Cochin International Airport (COK),45,Kodungallur,3,Good,0,300,1000,3500,Heritage Walk,History Lovers;Pilgrimage,,Half Day;Heritage,cheraman juma masjid;first mosque in india,Kerala Tourism
