name,district,categories,latitude,longitude,best_season,best_time_of_day,ideal_duration,crowd_level,entry_fee_inr,daily_budget_range_inr,accessibility,ideal_for,highlights
Fort Kochi,Ernakulam,Heritage Site;Photography Spot;Weekend Destination;Cultural Attraction,9.9658,76.2422,Nov-Feb,Evening,4 hrs,High,0,800-8000,COK 35km / Ernakulam Jn 12km,"Couple,Family,Solo,Photography Lovers","Chinese fishing nets, St. Francis Church, colonial streets"
Cherai Beach,Ernakulam,Beach;Family Destination;Honeymoon Destination;Photography Spot,10.1382,76.1808,Nov-Feb,Sunset,3 hrs,Moderate-High,0,700-7000,COK 45km / Ernakulam Jn 25km,"Family,Couple,Kids","15km golden-sand coastline, dolphin sightings possible"
Mattancherry Palace (Dutch Palace),Ernakulam,Palace;Heritage Site;Museum,9.9581,76.2593,Nov-Feb,Morning,1.5 hrs,Moderate,25,500-6000,COK 35km / Ernakulam Jn 12km,"History Lovers,Couple","Ramayana/Mahabharata murals, royal artefacts"
Jew Town & Paradesi Synagogue,Ernakulam,Heritage Site;Synagogue;Shopping,9.958,76.2595,Nov-Feb,Morning,1.5 hrs,Moderate,10,600-6500,COK 35km / Ernakulam Jn 12km,"History Lovers,Shoppers","Oldest synagogue in Commonwealth, antique shops"
Marine Drive,Ernakulam,Photography Spot;Weekend Destination;Family Destination,9.9764,76.2802,Nov-Feb,Evening,1.5 hrs,Very High,0,400-5000,COK 32km / Ernakulam Jn 3km,"Family,Couple,Locals","Backwater promenade, city's evening hub"
Bolgatty Palace,Ernakulam,Palace;Heritage Site;Honeymoon Destination,9.9986,76.2733,Nov-Feb,Evening,2 hrs,Low-Moderate,20,N/A (heritage hotel),COK 33km / Ernakulam Jn 5km,"Couple,Luxury Travelers","Dutch palace 1744, island setting, heritage hotel"
Chottanikkara Bhagavathy Temple,Ernakulam,Temple;Pilgrimage,9.9333,76.3667,Nov-Mar,Morning,1.5 hrs,High,0,300-4000,COK 40km / Tripunithura 10km,"Pilgrimage,Family",Goddess worshipped in 3 forms across the day
Hill Palace Museum,Ernakulam,Museum;Heritage Site;Palace,9.9481,76.3467,Nov-Feb,Morning,2.5 hrs,Low-Moderate,20,400-4500,COK 38km / Tripunithura 6km,"Family,History Lovers",Kerala's largest archaeological museum
Wonderla Kochi,Ernakulam,Amusement Park;Family Destination;Adventure,10.025,76.3922,Nov-Feb,Morning,6 hrs,Very High,1200,1500-6000,COK 25km / Kolenchery nearby,"Family,Kids,Adventure Lovers","Rides + water park, ISO 14001 certified"
Thattekkad Bird Sanctuary,Ernakulam,Bird Sanctuary;Wildlife Sanctuary;Eco Tourism,10.1258,76.6081,Nov-Mar,Morning,4 hrs,Low,50,600-5000,COK 55km / Kothamangalam nearest town,"Birders,Solo,Nature Lovers","250+ bird species on Periyar riverbank, offbeat"
Bhoothathankettu Dam,Ernakulam,Dam;Camping;Eco Tourism,10.1783,76.6294,Oct-Feb,Morning,3 hrs,Low,30,500-4500,COK 60km / Kothamangalam nearest town,"Nature Lovers,Campers","Forest dam site, boating, near Thattekkad"
Kalady,Ernakulam,Pilgrimage;Heritage Site;Temple,10.1667,76.4333,Nov-Feb,Morning,2 hrs,Moderate,0,400-4000,COK 20km / Aluva 12km,Pilgrimage,Birthplace of Adi Shankaracharya
Munambam Beach,Ernakulam,Beach;Hidden Gem;Photography Spot,10.1926,76.1783,Nov-Feb,Sunset,2 hrs,Low,0,400-4000,COK 50km / Ernakulam Jn 35km,"Solo,Couple,Photography","Quieter fishing-harbour beach, kite flying"
Paniyeli Poru,Ernakulam,River;Hidden Gem;Eco Tourism,10.1333,76.5833,Oct-Feb,Morning,2 hrs,Low,20,400-4000,COK 55km / Kothamangalam nearest town,"Nature Lovers,Offbeat Travelers","Periyar river rapids, edge of Thattekkad forest"
Mangalavanam Bird Sanctuary,Ernakulam,Bird Sanctuary;Eco Tourism;Hidden Gem,9.9833,76.2833,Nov-Feb,Morning,1 hr,Low,20,200-3000,COK 30km / Ernakulam Jn 1km,"Birders,Solo",Mangrove ecosystem in the middle of Kochi city
Kumbalangi Village,Ernakulam,Village;Eco Tourism;Backwaters,9.8964,76.3378,Nov-Feb,Morning,3 hrs,Low-Moderate,0,700-6000,COK 42km / Ernakulam Jn 15km,"Family,Culture Seekers",India's first model fishing/tourism village
Pallipuram Fort,Ernakulam,Fort;Heritage Site;Hidden Gem,10.1633,76.1833,Nov-Feb,Morning,1 hr,Low,10,300-3500,COK 48km / Ernakulam Jn 30km,"History Lovers,Offbeat Travelers",Oldest surviving European fort in India (1503)
"St. George Orthodox Church, Kadamattom",Ernakulam,Church;Heritage Site;Pilgrimage,9.9686,76.4931,Nov-Feb,Morning,1 hr,Low,0,300-3500,COK 40km / Kolenchery nearest town,Pilgrimage,Ancient Saint Thomas Christian heritage church
